Product Name,Price,Rating,Availability
"iPhone 17 Pro Max 2 TB: 17.42 cm (6.9″) Display with Promotion, A19 Pro Chip, Best Battery Life in Any iPhone Ever, Pro Fusion Camera System, Center Stage Front Camera; Cosmic Orange","2,29,900.",3.4 out of 5 stars,In stock
"iPhone Air 256 GB: Thinnest iPhone Ever, 16.63 cm (6.5″) Display with Promotion up to 120Hz, Powerful A19 Pro Chip, Center Stage Front Camera, All-Day Battery Life; Space Black","1,12,900.",3.9 out of 5 stars,In stock
"iPhone 17 Pro Max 256 GB: 17.42 cm (6.9″) Display with Promotion, A19 Pro Chip, Best Battery Life in Any iPhone Ever, Pro Fusion Camera System, Center Stage Front Camera; Deep Blue","1,49,900.",4.4 out of 5 stars,In stock
"iPhone 17 Pro 512 GB: 15.93 cm (6.3″) Display with Promotion up to 120Hz, A19 Pro Chip, Breakthrough Battery Life, Pro Fusion Camera System with Center Stage Front Camera; Cosmic Orange","1,54,900.",4.5 out of 5 stars,In stock
"iPhone 17 Pro 256 GB: 15.93 cm (6.3″) Display with Promotion up to 120Hz, A19 Pro Chip, Breakthrough Battery Life, Pro Fusion Camera System with Center Stage Front Camera; Cosmic Orange","1,34,900.",4.3 out of 5 stars,In stock
Apple iPhone 15 (128 GB) - Black,"55,900.",4.5 out of 5 stars,In stock
OnePlus 15 | 12GB+256GB | Sand Storm | India's First Snapdragon® 8 Elite Gen 5 | 7300mAh Battery | Personalised AI | Game-Changing 165Hz Display | Triple 50MP Camera with 4K 120fps Dolby Vision,"72,999.",4.6 out of 5 stars,In stock
Apple iPhone 15 (256 GB) - Blue,"66,490.",4.5 out of 5 stars,Available to ship in 1-2 days
"iPhone 17 Pro 256 GB: 15.93 cm (6.3″) Display with Promotion up to 120Hz, A19 Pro Chip, Breakthrough Battery Life, Pro Fusion Camera System with Center Stage Front Camera; Cosmic Orange","1,34,900.",4.3 out of 5 stars,In stock
"iPhone 17 Pro 512 GB: 15.93 cm (6.3″) Display with Promotion up to 120Hz, A19 Pro Chip, Breakthrough Battery Life, Pro Fusion Camera System with Center Stage Front Camera; Silver","1,54,900.",3.4 out of 5 stars,In stock
